<beans xmlns="http://www.springframework.org/schema/beans"
	xmlns:xsi="http://www.w3.org/2001/XMLSchema-instance" xmlns:util="http://www.springframework.org/schema/util"
	xsi:schemaLocation="http://www.springframework.org/schema/beans
                                       http://www.springframework.org/schema/beans/spring-beans.xsd
                                      http://www.springframework.org/schema/util
                                       http://www.springframework.org/schema/util/spring-util.xsd">

 <!-- controller/handler -->
<bean id="pvc1" class="org.springframework.web.servlet.mvc.ParameterizableViewController">
	<property name="viewName" value="home"></property>
</bean>

<bean id="lec" class="com.nt.controller.ListEmpController">
		<property name="service" ref="empService"></property>
</bean>


<bean id="surl" class="org.springframework.web.servlet.handler.SimpleUrlHandlerMapping">
	<property name="mappings">
		<props>
			<prop key="home.htm">pvc1</prop>
			<prop key="listEmps.htm">lec</prop>
		</props>
	</property>
</bean>




<!-- view resolver -->
<bean id="vr" class="org.springframework.web.servlet.view.InternalResourceViewResolver">
	<property name="prefix" value="/WEB-INF/pages/"/>
	<property name="suffix" value=".jsp"/>
</bean>
</beans>