<beans xmlns="http://www.springframework.org/schema/beans"
	xmlns:xsi="http://www.w3.org/2001/XMLSchema-instance" xmlns:util="http://www.springframework.org/schema/util"
	xsi:schemaLocation="http://www.springframework.org/schema/beans
                                       http://www.springframework.org/schema/beans/spring-beans.xsd
                                      http://www.springframework.org/schema/util
                                       http://www.springframework.org/schema/util/spring-util.xsd">

	<bean id="datasource" class="org.apache.commons.dbcp.BasicDataSource">
		<property name="driverClassName" value="oracle.jdbc.driver.OracleDriver" />
		<property name="url" value="jdbc:oracle:thin:@localhost:1521:xe" />
		<property name="username" value="system" />
		<property name="password" value="manager" />
	</bean>

	<bean id="template" class="org.springframework.jdbc.core.JdbcTemplate">
		<constructor-arg ref="datasource" />
	</bean>

	<bean id="empDAO" class="com.nt.dao.ListEmpDAO">
		<property name="jt" ref="template" />
	</bean>

</beans>  